{
  "project_info": {
    "project_number": "437454639095",
    "firebase_url": "https://smex-7d36e.firebaseio.com",
    "project_id": "smex-7d36e",
    "storage_bucket": "smex-7d36e.appspot.com"
  },
  "client": [
    {
      "client_info": {
        "mobilesdk_app_id": "1:437454639095:android:1e94d9e0cc830a70af28f2",
        "android_client_info": {
          "package_name": "com.example.smex"
        }
      },
      "oauth_client": [
        {
          "client_id": "437454639095-qat3mi0d6q80q7vk86jj0325hhhkqjul.apps.googleusercontent.com",
          "client_type": 3
        }
      ],
      "api_key": [
        {
          "current_key": "AIzaSyA2DZnDhS_OHaMdsYo-2rj5aMPgjmDcYdI"
        }
      ],
      "services": {
        "appinvite_service": {
          "other_platform_oauth_client": [
            {
              "client_id": "437454639095-qat3mi0d6q80q7vk86jj0325hhhkqjul.apps.googleusercontent.com",
              "client_type": 3
            }
          ]
        }
      }
    }
  ],
  "configuration_version": "1"
}